"id","name","email","phone"
"17","aaa","aaa@aaa.lt","123123213"
"tas","testeris@gmail.com","123"
"5","minde","minde@gmail.com","321"
"6","Tadas","blinda@gmail.com","555"
"7","Tadas","blinda@gmail.com","555"
"8","Tadas","blinda@gmail.com","555"
"9","Tadas","blinda@gmail.com","555"
"10","Tadas","blinda@gmail.com","555"
"11","Tadas","blinda@gmail.com","555"
"12","Tadas","blinda@gmail.com","555"
"13","Tadas","blinda@gmail.com","555"
"14","Tadas","blinda@gmail.com","555"
"15","Tadas","blinda@gmail.com","555"
"16","Tadas","blinda@gmail.com","555"
"17","ddddd","dddd@dd.lt","123"
"18","aaa","aaa@aaa.lt","123123213"
"16","aaa","aaa@aaa.lt","123123213"
"17","aaa","aaa@aaa.lt","123123213"
"19","aaa","aaa@aaa.lt","123123213"
